id,sha,changes
1,c3a24d36527ae535f05c6e68964225f776953e4f,9
2,95109a3260fd0a9b08a888331f844fdf72247b46,3
3,5988fe33395bc18c273ff4f9a321cb8749ac1580,2
4,d3b473a08de0e12686c3848d4d038ba489ef2dd8,92
5,b369dd67f5d88bf92cd9f627c23d2f483a8c9ef7,93
6,39837ac1cb18acbae136ff2eebce058b364ce0b8,193
7,35ac0728c658bbb47a57cdc343385649837168db,223
8,b088694ec701b94cf11ed10c97ae9f19fd1b9cb4,2
9,cf7ed6461397d757c477a245fd0fe9a3cd421593,12
10,0d631e670a1117e7c032442fbad61b68354c6f5c,8
11,178c32078e05bbbf76ce7c52ecaba50048bf9899,1
12,0fd7bd8dc15d5027f43d848417afd2316ae75d60,30
13,8e05f4501498dc27f4e6cb8e59fc9208e6da7b17,14
14,33f0888ed758d4177fc3d4d3d8268979bed98169,49
15,8db7b8689b813a4fd466131d9b1a73d9fe5cc86a,31
16,1fc524b78ca071e24e5557c3d6feed8c3ec4f07c,152
17,2c06fe1b0ac2fd2d1dabb56509af256056b0db0f,304
18,3826e98a7389d02c91b2823701db40463ee29d84,77
19,3aea84d83aec026bbebb524bbc681d60b9700ed2,77
20,8ebbe883736bc9cef1f3a9d41a881ec9634a20ed,2
21,575e1bc36a6c0fe13f9eaeb4d52b9e1628cf1d21,52
22,e15cf1233d0c4d663083ee1d4ce226cbfd9f98bf,51
23,17c0483856b9e1da1783ee91f5c2e9ad66907480,242
24,249369e90e933f7c433eda47e0fc55499d17588f,242
25,de3445755e737932da401b61e82d371ec5a20271,242
26,86ee566895053c6cc0267dd97c03a77ecc1f7e0e,244
27,79ac8324e6bf8a602de7690a21547602a4c6c548,16
28,7861d24dfe814048cd99602e4750a6e9d996759c,178
29,d179a94df23350cf65620bc196204adfdd22e2e4,156
30,40f78d35c0d1efe6be8058cb24ce77b1f8e6434c,16
31,35cd8f266cb0289757ba506a2aba6d7dffc5fee0,185
32,108ee6a493cf384c8e9e07b3db95eb4b9e73ab06,160
33,c8a0f3f7566323f07d41e95e841e8ed354522136,16
34,06923457935ef463639fedff81675cd2a1dbc471,176
35,66b58d9e5fef93292d8595e00dd9c9e9bd791293,163
36,04678f3cfc3ff39e587ffea4249b98b35b7c4f2d,16
37,73b0e8e13836ebb55c7f0544e1e7668a8fd7f64a,182
38,4c66157ffc389743504e956bb4338a56131f2041,169
39,89f5964955b9f3222149fdec5d8135faee890107,4
40,00e0d6076c126028f2e16880970813430a409e73,80
41,7f6d853517c64c55a4447edee63c2842a7310a17,9
42,423639d230f085d584ccea72300875d918bd37f8,25
43,74ce98af745547631d5d8cb7e913ad8b4bcb92cf,8
44,660cebf6bc56055b2aedc81aea0ee204b8ae77a9,3
45,e20e07424987639974536610e3653b323ea2f346,5
46,1efea89998a2d8a3d3c39d30a2d780db1a8ccc57,4
47,dbe8b2ade40c07204389447652f718f5ae88f0a7,1
48,764b1aaf60404fefd4346e83aa222bc72d49b05a,4
49,224ceca1628e9fdda852d805b2e1ef11aad4514e,1
50,a2386cb1965c0f5ad09cb9c85698d5ba767b4ad8,10
51,241deafd97031a5bba077928e734b99c96afa4f8,4
52,eb35eaa81546b85ea019450c4be232c22d07d7c5,26
53,8b869364bd3eb56a95925ba473bfa3743826aec0,4
54,9205fdef2414a328489e26e701401678080c9b72,36
55,4279656d3ae685e75b9886fc9c835a0dfa09ae00,4
56,c023f2d34489cd996066b82fa89c4ae797782bf7,4
57,9a54c33bffdface3c53d927c45b0cda6ac23b198,169
58,6c0e8379f6c67f3b22476c3de40c33bdeea7989f,4
59,86336dabb792457fe395c6958b28a2499bb2212c,1
60,5e100b1339a36e313ecf4bb4df5626b1b02994e2,4
61,68bfbc0e5f0352c718fbcb414e5cb42f3c18dabd,4
62,9fd33b9e45795ce61e2b24b62eb58e77082c7071,52
63,6438499e061c612777f76e43f3192d63318d338e,2
64,a53bf7d05f6261673872837f8b713bd96c995054,52
65,d08b26fb06741f67a94f2d03af7e83812da18525,4
66,e77f8bae16bdb9dfb5b834c00e0b9df8394c6349,4
67,a07ee5e01dc7f827acdaac76421467b0a56b9031,15
68,e23f15016b0e5a9e56f4b8113379e9fc5e7f9081,4
69,bd01829c208a642a43a6fb8106665f93b70637c0,30
70,6f418bad82bdd580eddb450e18c5f92631e78e3a,4
71,5d1300e8551600b39508c03c247b6ab7aac0e8e9,38
72,3270fbd9f06f48e72ba47c3b15ef925d0c767954,4
73,a0aab67e8fe58b4c07a76f879800ab92118e4169,4
74,cad36f3844dd54a52a49453af72ac7ef88cedeb7,4
75,e1ccb00d3c1624caf7da730434e30518d4a7cd6c,42
76,7d1e9141a441b79e3ca54e8cd91f984c7c66fe7f,4
77,7336c4e636796a3168c0a55b1abd5a56983298b8,37
78,ac8355b1f8b1b720bd8ff988672cd8081c21c1f0,3
79,0993df68e35e066b42b42011cb3e4a8a823775ce,4
80,8cca64dacbd7441db11617e7afdf5936767d31d0,1
81,ec03aa22d475bd51ba412effc9a50bfdeb82b5b7,4
82,f0c4555549bd728093a0a4a2b0191646364f429e,16
83,0158fcb05fb4bab80962fdd54debb6ac73d6fae2,9
84,49e78670a858a015eb43e4d088a58acc48ded3aa,4
85,92d0a28b949d587b54f1a96a5f89d85d90bbd2c7,64
86,b327a1e728dcb168a971adb845d45c22dd2ea1b4,4
87,b5727dda4e87f5240e1c9be246c5da22ca043034,101
88,00efa5b097c6027f21e20d0343a1db1d2ba56a92,27
89,e38befc7db50cfcac3623d1587aaf89e9652b730,4
90,54d1ec361d9b54c6be4bb35175777e7f02cc98b8,2
91,d3d58938b27204683f8421c72260fca82359e808,138
92,a7b49d89d08c437d8de5d2f0bb66da2289adce5b,144
93,9ed704a340acdae6d136cc68fb573bc93a62347a,144
94,0026f52ab54a1b067f98c0ce86ad7946b0818d1b,2
95,fa6247eafe6a19c779d4893521f2ca92c964bd7a,2
96,7c8a26faf259d8ab74b7255662ec979666afcc91,1744
97,151d35e9d8f8c7597b00fa85f0f01be3072c10bb,10
98,531dfe74c77c96b39fe174ea11276af84001f268,4
99,5ca21cf62e378fdf3114f3b8928836b9574e9965,4
100,f7337e91978d9168d4c8926af53b8f6da3eb2476,8
101,830e0fdccb093657f69dcd8cc58bd8623622fa4b,4
102,5e1d3182e506772b7291d245dae2e17d67951f76,2
103,89ea1b9232007c15a075cc9ce695bf7b3c79449c,4
104,9f7047864c79ad12a9d3c7e540fe64fcc07381e1,4
105,bbd010f4c756651f3f3f63f5272b90a336bf2419,108
106,e33032ad8d97af26e2bf2dc171ca8078db7b1072,4
107,9b61bab115a40ea8d2d9c5210af59637229a990d,29
108,7e12dd671d50f11bf750cb28ca68c46eaa9816be,4
109,45434e3278b181d58c43f2aad015464c72295a7c,34
110,3ec2caeb9b30b6525c3d98e3c4c4cd1026692e3f,4
111,0e150c37dde10db9edf22d2ee0703bf191f61eaa,294
112,4beb666928c406562cd2269af44547ab2a286840,61
113,fdf092c4f2ee9212abd39f24d4f62cd278d3ad71,2
114,d1bdfb42ed14d068e71f2c4a7379b5f68046890f,201
115,de5ad87a785ac0360fd480705c318d62a467240e,1
116,dd4dd771e4b8b9c715d2db3f7232eabb4886eefc,7
117,11042fbd1a253a0b5f86bbdf304da614e8acc22d,4
118,97e675baf030af97ffe412b08d49f9e2b54851fa,88
119,20616f40fc6f0edce7e75709cbd76ec99cbecf91,4
120,f8081de3aada737f1ab891e727b3533233c608ec,110
121,9d0d63dafc20065c83f3e08004396935423ef861,28
122,e4f552e51f21e3b75fbc5e7fd55e2907685abaab,1
123,c0ef811cb140dd3915a472f5a5ac4e6eb67cdda6,4
124,6a07d671d130b0a197b4bf9d19c4e23958513ef7,4
125,880288ef287348dc8c6994dac44df8ac5fcb894b,2
126,a3e4a09cb2edfc20a59467fba228bbf11848e2ce,34
127,b24fa24f32082345fbcd9d0a99c50da8023c4654,10
128,5a43ce5e20b8125e1e656bc4ea24e81426303072,20
129,b40408d3b08c17dd542c39f98eb7ab2824d518b1,13
130,7b3cbe91d15686cb1da4ca29d087794ca8b3b3b2,1
131,65548fc01a64f1dd0ac4c5c627dc297dde9df3dc,4
132,9f6f09a2cb5e5e1bcd51e190c11f6e55ff88581b,4
133,7412358cba37c896e87834f40157ab929c0aa054,4
134,6b0e77cce2fe891be27916ae492169d734e4af2d,44
135,8fea7a367f0ef83a29914935809829d36e3b505f,6
136,07539d414a5e1a8fca4744cc6a59437a6b59f585,3
137,aedd24a8255580b7510390d20ce18250578f54a4,4
138,ef36273ce8d7fe7b6777a972042d92278f0a2fea,4
139,7dd95434cd94a109d47aa163348d55e91f7b5dc0,1
140,31965c07df6e2029a46dd652d1c0c1e8f9d7a248,6
141,1793ac421907afa0233d0f2efb5b6d7124163a96,4
142,86c997793305d93bc1905b829b8ba8af097789a1,23
143,de23cba240ea548540783a47079d8f95440511c3,5
144,46fada6340928a4f83b19d80e6d9ae47bde1093c,4
145,e105bccb344192e7acd182513bcec51becc2d582,3
146,3b4ca5bd23a982fdb16ebdcb253ffeb3675f1f9d,4
147,9393463fdcd53d1ddb9ea4d0ebd34d3756398b3f,6
148,d602b06048f8390f20d08a2031dce7ced10ec409,4
149,bf30865bdae51440f553a3823eaf5b53551bab9f,4
150,9a51fb26e264a1c983663b06023b629a1f8d30c4,31
151,3e22edb810f2f0084cb768ee74e4cf4a121e565a,4
152,ea1b8fd52f5d527037a76f4241e3c9ec902ea3d8,25
153,a942e00160a3fd3180d3ee054ad809c43bf8dcea,1
154,3a3e2daa670f353cefa7e8ea1aa8cc7b22cc58c4,4
155,562c8786fc9e543a76b8ef6e5e5d88fedf4f5c4f,1
156,3be3a7b734f7a66e1cad9639ca9a2b693a0d6a90,4
157,a61e15914c409b2a20d90f492bc4c0f99db85996,4
158,590670e8a5588fba029b11457b2a8c9f5ead190b,26
159,cfbd572d847ab7d5ffc7637ceef7a96438428390,4
160,ae109b46f5c253c34d771e29af11ab0a017893b0,17
161,51d9a54b839fc9ac0580bf4a59fb4c5ce0bcc5da,241
162,a037cd86b6125a929b572862f37e4ea21061a6d0,6
163,7aff7c53fa87c1e678bc651fa3a8e5d3584cb9b1,64
164,b215067bb84153de845c8e40fb63332a8cedb593,2
165,95d482e45859bf533e08cdcaa633306ab832fb61,6
166,a0e3cf5b0657508784e2bb0b6a4c69a273d792a2,24
167,17683d00b183a6a7abbeab4f1aacc766b0f18567,1
168,20014ed42715b033f81c6ec35ee4d4c87acd6e11,6
169,e14f6d6d8740398231535d115bcdf15dc5de5250,8
170,0c463869bc8548fbf2433c5eeedd706404012fce,65
171,a277de6eb72fe0dc635a0c56385e729a445bfb0c,65
172,ec3b362db7ce31543ed598c673d3dfa0e17f599a,4
173,35982fd65fea91854c3eaccc80dbf9f914e06b1f,12
174,1ebbdd912c27805861b1599bc51f50f8279e6aee,4
175,3e8a248355d2cd91ce2e57335e00fd52ee4785c4,2
176,14575a3c4e508ea807a9ef5648040a9fdbb11703,11
177,fa4634e5e39cc8dca2abeb2c5db236e8b3f47617,66
178,7f8413c9be6a8dcb216999b4df5a533955d1b122,2
179,a9cfc918099107662522a8cd93575682daaf9ac7,6
180,244d329545c2872da33b3b08c09e4c93b3fe2f45,28
181,3510925afd21ff9c3ec2206457aa009fb9faaece,4
182,a60658ee5ea90a7504c5db0ebbee0968672df537,54
183,7b47e7d994d41c6762c7dcf3fd9525fe0f94cda0,4
184,604064ddbf81f5ec3ec0441c7f1997f54614ef00,4
185,8784d33576d9116399874c4b1f48a255397134e5,4
186,d9e55ece4751036ddd9302e9927f048a5c6c047a,28
187,ee6ac65b3f5f1d5b22938fcc805eae7fddbfcd45,121
188,ae9a6f7d50964641ff0dd4d6a70f65741c6bfb4b,59
189,3a014dd969b211c33cadd517b3f1e03db485115b,63
190,8d5c973c512515a31bb486749793f47ec93a31ba,28
191,15e93fd84d26c0847b9a96f4b1885bc3a3722eba,28
192,f32d26510238dfcc8e14d4a990b02442ff1f8601,24
193,05c5357996698ca2bad32c55eb0adfdb73e3318e,113
194,67e5574d41c7d48320209544037a6c7ee004ed3f,32
195,f5a702993816e194ecc3af67246b301e24111957,77
196,b57301c689c02e18a05351f2bf51c56eb6c41db4,33
197,829f3ae7347ff63650ec070904120a75eb3eeaa6,38
198,88adabf0a41542373987787e72fa8a6588addac1,31
199,b4fd5a3eb13b47423a9fdfce900ada828f9cd1ce,31
200,fa3a87a22e5a4f2025289c696fb69742b813437d,93
